{
  "mean": [
    12.790940622677347,
    27830.85101990255,
    0.654802213229829,
    0.7378809150218846,
    0.1236270542571641,
    0.5039227021223883,
    12.861673135684201,
    27787.86605004542,
    0.9550747377983319,
    0.9056073994549508,
    0.1031464200181683,
    42.98496985713106,
    -0.0707325130068544,
    -0.3002725245685028,
    -0.16772648443306631
  ],
  "std": [
    4.909077229216007,
    2740.364210760582,
    0.885746280717376,
    0.7221032827114068,
    0.3292810181523327,
    0.4999846121712737,
    4.848947162754916,
    2693.4037003696367,
    0.9818133434388401,
    0.7475624085495738,
    0.30415002228440474,
    4367.784158695884,
    7.131360208464886,
    1.4645086624256183,
    1.3803580507772482
  ]
}